sym,ts,lp,bid_price,bid_quantity,ask_price,ask_quantity
EURs/AUD,2018-12-06T13:00:00.007Z,LP0,1575760,100000000,1576040,100000000
EUR/AUD,2018-12-06T13:00:00.007Z,LP0,1575680,100000000,1576040,100000000
EUR/AUD,2018-12-06T13:00:00.008Z,LP1,1575890,100000000,1576000,100000000
EUR/AUD,2018-12-06T13:00:00.012Z,LP0,1575720,100000000,1576040,100000000
EUR/AUD,2018-12-06T13:00:00.013Z,LP0,1575800,100000000,1576040,100000000
EUR/AUD,2018-12-06T13:00:00.014Z,LP0,1575840,100000000,1576040,100000000
EUR/AUD,2018-12-06T13:00:00.014Z,LP0,1575840,100000000,1576080,100000000
EUR/AUD,2018-12-06T13:00:00.015Z,LP0,1575760,100000000,1576080,100000000
EUR/AUD,2018-12-06T13:00:00.008Z,LP2,1575820,100000000,1576040,100000000
EUR/AUD,2018-12-06T13:00:00.020Z,LP0,1575800,100000000,1576080,100000000
EUR/AUD,2018-12-06T13:00:00.023Z,LP0,1575760,100000000,1576080,100000000
EUR/AUD,2018-12-06T13:00:00.023Z,LP0,1575680,100000000,1576080,100000000
EUR/AUD,2018-12-06T13:00:00.025Z,LP2,1575840,100000000,1576050,100000000
EUR/AUD,2018-12-06T13:00:00.025Z,LP3,1575850,100000000,1576000,100000000
EUR/AUD,2018-12-06T13:00:00.028Z,LP0,1575760,100000000,1576080,100000000
EUR/AUD,2018-12-06T13:00:00.028Z,LP0,1575800,100000000,1576080,100000000
EUR/AUD,2018-12-06T13:00:00.033Z,LP0,1575800,100000000,1576120,100000000
EUR/AUD,2018-12-06T13:00:00.032Z,LP4,1575830,100000000,1576010,100000000
EUR/AUD,2018-12-06T13:00:00.032Z,LP4,1575840,100000000,1576010,100000000
EUR/AUD,2018-12-06T13:00:00.032Z,LP5,1575800,100000000,1576060,100000000
EUR/AUD,2018-12-06T13:00:00.032Z,LP5,1575810,100000000,1576060,100000000
EUR/AUD,2018-12-06T13:00:00.032Z,LP6,1575860,100000000,1576000,100000000
EUR/AUD,2018-12-06T13:00:00.032Z,LP7,1575770,100000000,1576050,100000000
EUR/AUD,2018-12-06T13:00:00.032Z,LP7,1575770,100000000,1576060,100000000
EUR/AUD,2018-12-06T13:00:00.035Z,LP4,1575830,100000000,1576010,100000000
EUR/AUD,2018-12-06T13:00:00.035Z,LP7,1575780,100000000,1576060,100000000
EUR/AUD,2018-12-06T13:00:00.035Z,LP5,1575800,100000000,1576060,100000000
EUR/AUD,2018-12-06T13:00:00.037Z,LP8,1575860,100000000,1576010,100000000
EUR/AUD,2018-12-06T13:00:00.039Z,LP7,1575790,100000000,1576060,100000000
EUR/AUD,2018-12-06T13:00:00.039Z,LP5,1575810,100000000,1576060,100000000
EUR/AUD,2018-12-06T13:00:00.039Z,LP4,1575840,100000000,1576010,100000000
EUR/AUD,2018-12-06T13:00:00.039Z,LP6,1575860,100000000,1576010,100000000
EUR/AUD,2018-12-06T13:00:00.050Z,LP8,1575860,100000000,1576030,100000000
EUR/AUD,2018-12-06T13:00:00.056Z,LP0,1575800,100000000,1576160,100000000
EUR/AUD,2018-12-06T13:00:00.057Z,LP0,1575840,100000000,1576160,100000000
EUR/AUD,2018-12-06T13:00:00.061Z,LP4,1575840,100000000,1576020,100000000
EUR/AUD,2018-12-06T13:00:00.061Z,LP5,1575810,100000000,1576070,100000000
EUR/AUD,2018-12-06T13:00:00.061Z,LP3,1575850,100000000,1576010,100000000
EUR/AUD,2018-12-06T13:00:00.066Z,LP4,1575840,100000000,1576070,100000000
EUR/AUD,2018-12-06T13:00:00.066Z,LP4,1575890,100000000,1576070,100000000
EUR/AUD,2018-12-06T13:00:00.066Z,LP7,1575790,100000000,1576120,100000000
EUR/AUD,2018-12-06T13:00:00.066Z,LP7,1575810,100000000,1576120,100000000
EUR/AUD,2018-12-06T13:00:00.066Z,LP5,1575810,100000000,1576120,100000000
EUR/AUD,2018-12-06T13:00:00.066Z,LP5,1575870,100000000,1576120,100000000
EUR/AUD,2018-12-06T13:00:00.066Z,LP3,1575850,100000000,1576060,100000000
EUR/AUD,2018-12-06T13:00:00.066Z,LP3,1575900,100000000,1576060,100000000
EUR/AUD,2018-12-06T13:00:00.066Z,LP6,1575860,100000000,1576050,100000000
EUR/AUD,2018-12-06T13:00:00.066Z,LP6,1575910,100000000,1576050,100000000
EUR/AUD,2018-12-06T13:00:00.073Z,LP4,1575890,100000000,1576060,100000000
EUR/AUD,2018-12-06T13:00:00.073Z,LP7,1575800,100000000,1576120,100000000
EUR/AUD,2018-12-06T13:00:00.073Z,LP5,1575860,100000000,1576120,100000000
EUR/AUD,2018-12-06T13:00:00.077Z,LP7,1575810,100000000,1576120,100000000
EUR/AUD,2018-12-06T13:00:00.077Z,LP4,1575890,100000000,1576070,100000000
EUR/AUD,2018-12-06T13:00:00.077Z,LP5,1575870,100000000,1576120,100000000
EUR/AUD,2018-12-06T13:00:00.086Z,LP7,1575800,100000000,1576120,100000000
EUR/AUD,2018-12-06T13:00:00.086Z,LP4,1575890,100000000,1576060,100000000
EUR/AUD,2018-12-06T13:00:00.086Z,LP5,1575860,100000000,1576120,100000000
EUR/AUD,2018-12-06T13:00:00.090Z,LP0,1575840,100000000,1576200,100000000
EUR/AUD,2018-12-06T13:00:00.103Z,LP0,1575840,100000000,1576160,100000000
EUR/AUD,2018-12-06T13:00:00.108Z,LP1,1575930,100000000,1576040,100000000
EUR/AUD,2018-12-06T13:00:00.109Z,LP8,1575890,100000000,1576040,50000000
EUR/AUD,2018-12-06T13:00:00.110Z,LP7,1575810,100000000,1576120,100000000
EUR/AUD,2018-12-06T13:00:00.110Z,LP5,1575870,100000000,1576120,100000000
EUR/AUD,2018-12-06T13:00:00.119Z,LP7,1575820,100000000,1576120,100000000
EUR/AUD,2018-12-06T13:00:00.119Z,LP7,1575820,100000000,1576100,100000000
EUR/AUD,2018-12-06T13:00:00.119Z,LP4,1575870,100000000,1576060,100000000
EUR/AUD,2018-12-06T13:00:00.119Z,LP4,1575870,100000000,1576050,100000000
EUR/AUD,2018-12-06T13:00:00.119Z,LP5,1575850,100000000,1576120,100000000
EUR/AUD,2018-12-06T13:00:00.119Z,LP5,1575850,100000000,1576100,100000000
EUR/AUD,2018-12-06T13:00:00.119Z,LP6,1575900,100000000,1576050,100000000
EUR/AUD,2018-12-06T13:00:00.119Z,LP6,1575900,100000000,1576040,100000000
EUR/AUD,2018-12-06T13:00:00.119Z,LP3,1575890,100000000,1576060,100000000
EUR/AUD,2018-12-06T13:00:00.119Z,LP3,1575890,100000000,1576050,100000000
EUR/AUD,2018-12-06T13:00:00.124Z,LP4,1575870,100000000,1576060,100000000
EUR/AUD,2018-12-06T13:00:00.124Z,LP4,1575880,100000000,1576060,100000000
EUR/AUD,2018-12-06T13:00:00.124Z,LP7,1575840,100000000,1576100,100000000
EUR/AUD,2018-12-06T13:00:00.124Z,LP5,1575840,100000000,1576100,100000000
EUR/AUD,2018-12-06T13:00:00.127Z,LP0,1575760,100000000,1576160,100000000
EUR/AUD,2018-12-06T13:00:00.127Z,LP0,1575760,100000000,1576120,100000000
EUR/AUD,2018-12-06T13:00:00.130Z,LP0,1575760,100000000,1576080,100000000
EUR/AUD,2018-12-06T13:00:00.132Z,LP0,1575800,100000000,1576080,100000000
EUR/AUD,2018-12-06T13:00:00.136Z,LP0,1575800,100000000,1576200,100000000
EUR/AUD,2018-12-06T13:00:00.128Z,LP8,1575890,100000000,1576050,100000000
EUR/AUD,2018-12-06T13:00:00.131Z,LP4,1575860,100000000,1576060,100000000
EUR/AUD,2018-12-06T13:00:00.131Z,LP4,1575860,100000000,1576040,100000000
EUR/AUD,2018-12-06T13:00:00.131Z,LP7,1575810,100000000,1576100,100000000
EUR/AUD,2018-12-06T13:00:00.131Z,LP7,1575810,100000000,1576090,100000000
EUR/AUD,2018-12-06T13:00:00.131Z,LP3,1575880,100000000,1576050,100000000
EUR/AUD,2018-12-06T13:00:00.131Z,LP3,1575880,100000000,1576030,100000000
EUR/AUD,2018-12-06T13:00:00.131Z,LP5,1575830,100000000,1576100,100000000
EUR/AUD,2018-12-06T13:00:00.131Z,LP6,1575880,100000000,1576040,100000000
EUR/AUD,2018-12-06T13:00:00.131Z,LP6,1575880,100000000,1576030,100000000
EUR/AUD,2018-12-06T13:00:00.131Z,LP5,1575830,100000000,1576090,100000000
EUR/AUD,2018-12-06T13:00:00.135Z,LP2,1575850,100000000,1576060,100000000
EUR/AUD,2018-12-06T13:00:00.147Z,LP2,1575810,100000000,1576020,100000000
EUR/AUD,2018-12-06T13:00:00.139Z,LP0,1575800,100000000,1576160,100000000
EUR/AUD,2018-12-06T13:00:00.141Z,LP0,1575800,100000000,1576120,100000000
EUR/AUD,2018-12-06T13:00:00.162Z,LP2,1575850,100000000,1576080,100000000
EUR/AUD,2018-12-06T13:00:00.193Z,LP5,1575830,100000000,1576080,100000000
EUR/AUD,2018-12-06T13:00:00.193Z,LP3,1575870,100000000,1576030,100000000
EUR/AUD,2018-12-06T13:00:00.195Z,LP2,1575870,100000000,1576090,100000000
EUR/AUD,2018-12-06T13:00:00.200Z,LP0,1575800,100000000,1576160,100000000
EUR/AUD,2018-12-06T13:00:00.204Z,LP4,1575860,100000000,1576050,100000000
EUR/AUD,2018-12-06T13:00:00.204Z,LP4,1575880,100000000,1576050,100000000
EUR/AUD,2018-12-06T13:00:00.204Z,LP7,1575810,100000000,1576100,100000000
EUR/AUD,2018-12-06T13:00:00.204Z,LP7,1575830,100000000,1576100,100000000
EUR/AUD,2018-12-06T13:00:00.204Z,LP3,1575870,100000000,1576050,100000000
EUR/AUD,2018-12-06T13:00:00.204Z,LP3,1575890,100000000,1576050,100000000
EUR/AUD,2018-12-06T13:00:00.204Z,LP6,1575880,100000000,1576050,100000000
EUR/AUD,2018-12-06T13:00:00.204Z,LP6,1575900,100000000,1576050,100000000
EUR/AUD,2018-12-06T13:00:00.204Z,LP5,1575830,100000000,1576100,100000000
EUR/AUD,2018-12-06T13:00:00.204Z,LP5,1575850,100000000,1576100,100000000
EUR/AUD,2018-12-06T13:00:00.208Z,LP2,1575880,100000000,1576110,100000000
EUR/AUD,2018-12-06T13:00:00.208Z,LP1,1575930,100000000,1576040,100000000
EUR/AUD,2018-12-06T13:00:00.213Z,LP3,1575890,100000000,1576040,100000000
EUR/AUD,2018-12-06T13:00:00.213Z,LP6,1575900,100000000,1576040,100000000
EUR/AUD,2018-12-06T13:00:00.215Z,LP8,1575900,100000000,1576050,100000000
EUR/AUD,2018-12-06T13:00:00.219Z,LP8,1575900,100000000,1576060,100000000
EUR/AUD,2018-12-06T13:00:00.220Z,LP8,1575900,100000000,1576070,100000000
EUR/AUD,2018-12-06T13:00:00.251Z,LP8,1575900,100000000,1576060,50000000
EUR/AUD,2018-12-06T13:00:00.261Z,LP8,1575900,100000000,1576070,100000000
EUR/AUD,2018-12-06T13:00:00.263Z,LP4,1575880,100000000,1576060,100000000
EUR/AUD,2018-12-06T13:00:00.263Z,LP3,1575890,100000000,1576050,100000000
EUR/AUD,2018-12-06T13:00:00.275Z,LP7,1575830,100000000,1576110,100000000
EUR/AUD,2018-12-06T13:00:00.275Z,LP7,1575850,100000000,1576110,100000000
EUR/AUD,2018-12-06T13:00:00.275Z,LP5,1575850,100000000,1576110,100000000
EUR/AUD,2018-12-06T13:00:00.275Z,LP3,1575890,100000000,1576060,100000000
EUR/AUD,2018-12-06T13:00:00.275Z,LP3,1575900,100000000,1576060,100000000
EUR/AUD,2018-12-06T13:00:00.275Z,LP4,1575880,100000000,1576070,100000000
EUR/AUD,2018-12-06T13:00:00.275Z,LP4,1575890,100000000,1576070,100000000
EUR/AUD,2018-12-06T13:00:00.275Z,LP6,1575900,100000000,1576050,100000000
EUR/AUD,2018-12-06T13:00:00.275Z,LP6,1575910,100000000,1576050,100000000
EUR/AUD,2018-12-06T13:00:00.275Z,LP0,1575840,100000000,1576160,100000000
EUR/AUD,2018-12-06T13:00:00.293Z,LP4,1575890,100000000,1576080,100000000
EUR/AUD,2018-12-06T13:00:00.293Z,LP4,1575900,100000000,1576080,100000000
EUR/AUD,2018-12-06T13:00:00.293Z,LP7,1575850,100000000,1576120,100000000
EUR/AUD,2018-12-06T13:00:00.293Z,LP7,1575860,100000000,1576120,100000000
EUR/AUD,2018-12-06T13:00:00.293Z,LP3,1575900,100000000,1576070,100000000
EUR/AUD,2018-12-06T13:00:00.293Z,LP6,1575910,100000000,1576060,100000000
EUR/AUD,2018-12-06T13:00:00.293Z,LP6,1575920,100000000,1576060,100000000
EUR/AUD,2018-12-06T13:00:00.293Z,LP5,1575850,100000000,1576120,100000000
EUR/AUD,2018-12-06T13:00:00.293Z,LP5,1575860,100000000,1576120,100000000
EUR/AUD,2018-12-06T13:00:00.293Z,LP3,1575910,100000000,1576070,100000000
EUR/AUD,2018-12-06T13:00:00.297Z,LP7,1575870,100000000,1576120,100000000
EUR/AUD,2018-12-06T13:00:00.297Z,LP4,1575910,100000000,1576080,100000000
EUR/AUD,2018-12-06T13:00:00.297Z,LP5,1575870,100000000,1576120,100000000
EUR/AUD,2018-12-06T13:00:00.297Z,LP3,1575920,100000000,1576070,100000000
EUR/AUD,2018-12-06T13:00:00.297Z,LP6,1575920,100000000,1576070,100000000
EUR/AUD,2018-12-06T13:00:00.302Z,LP2,1575860,100000000,1576090,100000000
EUR/AUD,2018-12-06T13:00:00.302Z,LP2,1575850,100000000,1576080,100000000
EUR/AUD,2018-12-06T13:00:00.303Z,LP2,1575880,100000000,1576110,100000000
EUR/AUD,2018-12-06T13:00:00.303Z,LP2,1575890,100000000,1576120,100000000
EUR/AUD,2018-12-06T13:00:00.308Z,LP4,1575900,100000000,1576080,100000000
EUR/AUD,2018-12-06T13:00:00.308Z,LP7,1575860,100000000,1576120,100000000
EUR/AUD,2018-12-06T13:00:00.308Z,LP3,1575910,100000000,1576070,100000000
EUR/AUD,2018-12-06T13:00:00.308Z,LP5,1575860,100000000,1576120,100000000
EUR/AUD,2018-12-06T13:00:00.309Z,LP6,1575920,100000000,1576060,100000000
EUR/AUD,2018-12-06T13:00:00.309Z,LP8,1575910,100000000,1576080,100000000
EUR/AUD,2018-12-06T13:00:00.309Z,LP1,1575950,100000000,1576070,100000000
EUR/AUD,2018-12-06T13:00:00.316Z,LP8,1575920,100000000,1576080,100000000
EUR/AUD,2018-12-06T13:00:00.318Z,LP2,1575880,100000000,1576110,100000000
EUR/AUD,2018-12-06T13:00:00.316Z,LP0,1575800,100000000,1576160,100000000
EUR/AUD,2018-12-06T13:00:00.331Z,LP7,1575860,100000000,1576110,100000000
EUR/AUD,2018-12-06T13:00:00.331Z,LP4,1575900,100000000,1576070,100000000
EUR/AUD,2018-12-06T13:00:00.331Z,LP3,1575910,100000000,1576060,100000000
EUR/AUD,2018-12-06T13:00:00.331Z,LP5,1575860,100000000,1576110,100000000
EUR/AUD,2018-12-06T13:00:00.331Z,LP6,1575910,100000000,1576060,100000000
EUR/AUD,2018-12-06T13:00:00.336Z,LP2,1575860,100000000,1576090,100000000
EUR/AUD,2018-12-06T13:00:00.345Z,LP0,1575720,100000000,1576160,100000000
EUR/AUD,2018-12-06T13:00:00.347Z,LP0,1575760,100000000,1576160,100000000
EUR/AUD,2018-12-06T13:00:00.350Z,LP0,1575800,100000000,1576160,100000000
EUR/AUD,2018-12-06T13:00:00.361Z,LP4,1575890,100000000,1576070,100000000
EUR/AUD,2018-12-06T13:00:00.361Z,LP7,1575850,100000000,1576110,100000000
EUR/AUD,2018-12-06T13:00:00.361Z,LP3,1575900,100000000,1576060,100000000
EUR/AUD,2018-12-06T13:00:00.361Z,LP6,1575910,100000000,1576050,100000000
EUR/AUD,2018-12-06T13:00:00.379Z,LP0,1575800,100000000,1576120,100000000
EUR/AUD,2018-12-06T13:00:00.383Z,LP4,1575890,100000000,1576060,100000000
EUR/AUD,2018-12-06T13:00:00.383Z,LP3,1575900,100000000,1576050,100000000
EUR/AUD,2018-12-06T13:00:00.383Z,LP7,1575840,100000000,1576110,100000000
EUR/AUD,2018-12-06T13:00:00.383Z,LP5,1575850,100000000,1576110,100000000
EUR/AUD,2018-12-06T13:00:00.411Z,LP4,1575880,100000000,1576060,100000000
EUR/AUD,2018-12-06T13:00:00.411Z,LP4,1575880,100000000,1576050,100000000
EUR/AUD,2018-12-06T13:00:00.411Z,LP7,1575840,100000000,1576090,100000000
EUR/AUD,2018-12-06T13:00:00.411Z,LP3,1575890,100000000,1576050,100000000
EUR/AUD,2018-12-06T13:00:00.411Z,LP3,1575890,100000000,1576040,100000000
EUR/AUD,2018-12-06T13:00:00.411Z,LP5,1575840,100000000,1576110,100000000
EUR/AUD,2018-12-06T13:00:00.411Z,LP5,1575840,100000000,1576090,100000000
EUR/AUD,2018-12-06T13:00:00.411Z,LP6,1575890,100000000,1576050,100000000
EUR/AUD,2018-12-06T13:00:00.411Z,LP6,1575890,100000000,1576040,100000000
EUR/AUD,2018-12-06T13:00:00.409Z,LP1,1575910,100000000,1576030,100000000
EUR/AUD,2018-12-06T13:00:00.425Z,LP0,1575760,100000000,1576120,100000000
EUR/AUD,2018-12-06T13:00:00.429Z,LP2,1575850,100000000,1576080,100000000
EUR/AUD,2018-12-06T13:00:00.429Z,LP4,1575870,100000000,1576050,100000000
EUR/AUD,2018-12-06T13:00:00.429Z,LP4,1575870,100000000,1576040,100000000
EUR/AUD,2018-12-06T13:00:00.429Z,LP7,1575820,100000000,1576090,100000000
EUR/AUD,2018-12-06T13:00:00.429Z,LP6,1575880,100000000,1576040,100000000
EUR/AUD,2018-12-06T13:00:00.429Z,LP6,1575880,100000000,1576030,100000000
EUR/AUD,2018-12-06T13:00:00.429Z,LP3,1575880,100000000,1576040,100000000
EUR/AUD,2018-12-06T13:00:00.429Z,LP3,1575880,100000000,1576030,100000000
EUR/AUD,2018-12-06T13:00:00.429Z,LP5,1575830,100000000,1576090,100000000
EUR/AUD,2018-12-06T13:00:00.438Z,LP0,1575760,100000000,1576080,100000000
EUR/AUD,2018-12-06T13:00:00.439Z,LP5,1575830,100000000,1576080,100000000
EUR/AUD,2018-12-06T13:00:00.441Z,LP7,1575810,100000000,1576090,100000000
EUR/AUD,2018-12-06T13:00:00.441Z,LP7,1575810,100000000,1576060,100000000
EUR/AUD,2018-12-06T13:00:00.441Z,LP4,1575850,100000000,1576040,100000000
EUR/AUD,2018-12-06T13:00:00.441Z,LP4,1575850,100000000,1576020,100000000
EUR/AUD,2018-12-06T13:00:00.441Z,LP5,1575810,100000000,1576080,100000000
EUR/AUD,2018-12-06T13:00:00.441Z,LP5,1575810,100000000,1576060,100000000
EUR/AUD,2018-12-06T13:00:00.441Z,LP3,1575860,100000000,1576030,100000000
EUR/AUD,2018-12-06T13:00:00.441Z,LP3,1575860,100000000,1576010,100000000
EUR/AUD,2018-12-06T13:00:00.441Z,LP6,1575860,100000000,1576030,100000000
EUR/AUD,2018-12-06T13:00:00.441Z,LP6,1575860,100000000,1576010,100000000
EUR/AUD,2018-12-06T13:00:00.451Z,LP7,1575810,100000000,1576070,100000000
EUR/AUD,2018-12-06T13:00:00.451Z,LP7,1575820,100000000,1576070,100000000
EUR/AUD,2018-12-06T13:00:00.451Z,LP4,1575850,100000000,1576030,100000000
EUR/AUD,2018-12-06T13:00:00.451Z,LP4,1575860,100000000,1576030,100000000
EUR/AUD,2018-12-06T13:00:00.451Z,LP3,1575860,100000000,1576020,100000000
EUR/AUD,2018-12-06T13:00:00.451Z,LP3,1575870,100000000,1576020,100000000
EUR/AUD,2018-12-06T13:00:00.451Z,LP5,1575810,100000000,1576070,100000000
EUR/AUD,2018-12-06T13:00:00.451Z,LP5,1575820,100000000,1576070,100000000
EUR/AUD,2018-12-06T13:00:00.451Z,LP6,1575860,100000000,1576020,100000000
EUR/AUD,2018-12-06T13:00:00.451Z,LP6,1575870,100000000,1576020,100000000
EUR/AUD,2018-12-06T13:00:00.458Z,LP0,1575760,100000000,1576160,100000000
EUR/AUD,2018-12-06T13:00:00.458Z,LP2,1575860,100000000,1576090,100000000
EUR/AUD,2018-12-06T13:00:00.463Z,LP0,1575760,100000000,1576120,100000000
EUR/AUD,2018-12-06T13:00:00.466Z,LP4,1575860,100000000,1576040,100000000
EUR/AUD,2018-12-06T13:00:00.466Z,LP7,1575820,100000000,1576080,100000000
EUR/AUD,2018-12-06T13:00:00.467Z,LP3,1575870,100000000,1576030,100000000
EUR/AUD,2018-12-06T13:00:00.467Z,LP6,1575880,100000000,1576020,100000000
EUR/AUD,2018-12-06T13:00:00.467Z,LP5,1575820,100000000,1576080,100000000
EUR/AUD,2018-12-06T13:00:00.473Z,LP0,1575800,100000000,1576120,100000000
EUR/AUD,2018-12-06T13:00:00.476Z,LP4,1575860,100000000,1576050,100000000
EUR/AUD,2018-12-06T13:00:00.476Z,LP4,1575870,100000000,1576050,100000000
EUR/AUD,2018-12-06T13:00:00.476Z,LP7,1575820,100000000,1576090,100000000
EUR/AUD,2018-12-06T13:00:00.476Z,LP7,1575830,100000000,1576090,100000000
EUR/AUD,2018-12-06T13:00:00.476Z,LP3,1575870,100000000,1576040,100000000
EUR/AUD,2018-12-06T13:00:00.476Z,LP3,1575880,100000000,1576040,100000000
EUR/AUD,2018-12-06T13:00:00.476Z,LP5,1575820,100000000,1576090,100000000
EUR/AUD,2018-12-06T13:00:00.476Z,LP5,1575830,100000000,1576090,100000000
EUR/AUD,2018-12-06T13:00:00.476Z,LP6,1575880,100000000,1576030,100000000
EUR/AUD,2018-12-06T13:00:00.476Z,LP6,1575890,100000000,1576030,100000000
EUR/AUD,2018-12-06T13:00:00.481Z,LP8,1575870,100000000,1576060,100000000
EUR/AUD,2018-12-06T13:00:00.522Z,LP7,1575820,100000000,1576090,100000000
EUR/AUD,2018-12-06T13:00:00.522Z,LP4,1575860,100000000,1576050,100000000
EUR/AUD,2018-12-06T13:00:00.522Z,LP4,1575860,100000000,1576040,100000000
EUR/AUD,2018-12-06T13:00:00.522Z,LP7,1575820,100000000,1576080,100000000
EUR/AUD,2018-12-06T13:00:00.523Z,LP3,1575870,100000000,1576040,100000000
EUR/AUD,2018-12-06T13:00:00.523Z,LP5,1575820,100000000,1576090,100000000
EUR/AUD,2018-12-06T13:00:00.523Z,LP5,1575820,100000000,1576080,100000000
EUR/AUD,2018-12-06T13:00:00.523Z,LP3,1575870,100000000,1576030,100000000
EUR/AUD,2018-12-06T13:00:00.523Z,LP6,1575880,100000000,1576030,100000000
EUR/AUD,2018-12-06T13:00:00.523Z,LP6,1575880,100000000,1576020,100000000
EUR/AUD,2018-12-06T13:00:00.530Z,LP2,1575850,100000000,1576080,100000000
EUR/AUD,2018-12-06T13:00:00.570Z,LP7,1575820,100000000,1576070,100000000
EUR/AUD,2018-12-06T13:00:00.570Z,LP4,1575860,100000000,1576030,100000000
EUR/AUD,2018-12-06T13:00:00.570Z,LP5,1575820,100000000,1576070,100000000
EUR/AUD,2018-12-06T13:00:00.570Z,LP6,1575870,100000000,1576020,100000000
EUR/AUD,2018-12-06T13:00:00.570Z,LP3,1575870,100000000,1576020,100000000
EUR/AUD,2018-12-06T13:00:00.571Z,LP8,1575860,100000000,1576060,100000000
EUR/AUD,2018-12-06T13:00:00.580Z,LP2,1575860,100000000,1576090,100000000
EUR/AUD,2018-12-06T13:00:00.598Z,LP4,1575860,100000000,1576040,100000000
EUR/AUD,2018-12-06T13:00:00.598Z,LP4,1575870,100000000,1576040,100000000
EUR/AUD,2018-12-06T13:00:00.598Z,LP7,1575820,100000000,1576080,100000000
EUR/AUD,2018-12-06T13:00:00.598Z,LP7,1575830,100000000,1576080,100000000
EUR/AUD,2018-12-06T13:00:00.598Z,LP3,1575870,100000000,1576030,100000000
EUR/AUD,2018-12-06T13:00:00.599Z,LP3,1575880,100000000,1576030,100000000
EUR/AUD,2018-12-06T13:00:00.599Z,LP5,1575820,100000000,1576080,100000000
EUR/AUD,2018-12-06T13:00:00.599Z,LP5,1575830,100000000,1576080,100000000
EUR/AUD,2018-12-06T13:00:00.599Z,LP6,1575870,100000000,1576030,100000000
EUR/AUD,2018-12-06T13:00:00.599Z,LP6,1575880,100000000,1576030,100000000
EUR/AUD,2018-12-06T13:00:00.600Z,LP7,1575830,100000000,1576090,100000000
EUR/AUD,2018-12-06T13:00:00.600Z,LP3,1575880,100000000,1576040,100000000
EUR/AUD,2018-12-06T13:00:00.600Z,LP4,1575870,100000000,1576050,100000000
EUR/AUD,2018-12-06T13:00:00.600Z,LP5,1575830,100000000,1576090,100000000
EUR/AUD,2018-12-06T13:00:00.600Z,LP6,1575890,100000000,1576030,100000000
EUR/AUD,2018-12-06T13:00:00.610Z,LP1,1575920,100000000,1576040,100000000
EUR/AUD,2018-12-06T13:00:00.609Z,LP8,1575880,100000000,1576060,100000000
EUR/AUD,2018-12-06T13:00:00.610Z,LP8,1575880,100000000,1576070,100000000
EUR/AUD,2018-12-06T13:00:00.620Z,LP0,1575800,100000000,1576160,100000000
EUR/AUD,2018-12-06T13:00:00.620Z,LP4,1575880,100000000,1576050,100000000
EUR/AUD,2018-12-06T13:00:00.620Z,LP7,1575840,100000000,1576090,100000000
EUR/AUD,2018-12-06T13:00:00.620Z,LP3,1575890,100000000,1576040,100000000
EUR/AUD,2018-12-06T13:00:00.620Z,LP5,1575840,100000000,1576090,100000000
EUR/AUD,2018-12-06T13:00:00.620Z,LP6,1575890,100000000,1576040,100000000
EUR/AUD,2018-12-06T13:00:00.620Z,LP2,1575880,100000000,1576110,100000000
EUR/AUD,2018-12-06T13:00:00.625Z,LP0,1575800,100000000,1576120,100000000
EUR/AUD,2018-12-06T13:00:00.642Z,LP2,1575860,100000000,1576090,100000000
EUR/AUD,2018-12-06T13:00:00.644Z,LP7,1575830,100000000,1576090,100000000
EUR/AUD,2018-12-06T13:00:00.644Z,LP3,1575880,100000000,1576040,100000000
EUR/AUD,2018-12-06T13:00:00.644Z,LP5,1575830,100000000,1576090,100000000
EUR/AUD,2018-12-06T13:00:00.644Z,LP4,1575870,100000000,1576050,100000000
EUR/AUD,2018-12-06T13:00:00.644Z,LP6,1575890,100000000,1576030,100000000
EUR/AUD,2018-12-06T13:00:00.695Z,LP7,1575840,100000000,1576090,100000000
EUR/AUD,2018-12-06T13:00:00.695Z,LP4,1575880,100000000,1576050,100000000
EUR/AUD,2018-12-06T13:00:00.695Z,LP3,1575890,100000000,1576040,100000000
EUR/AUD,2018-12-06T13:00:00.695Z,LP5,1575840,100000000,1576090,100000000
EUR/AUD,2018-12-06T13:00:00.695Z,LP6,1575890,100000000,1576040,100000000
EUR/AUD,2018-12-06T13:00:00.695Z,LP2,1575880,100000000,1576110,100000000
EUR/AUD,2018-12-06T13:00:00.707Z,LP0,1575840,100000000,1576120,100000000
EUR/AUD,2018-12-06T13:00:00.710Z,LP1,1575920,100000000,1576040,100000000
EUR/AUD,2018-12-06T13:00:00.710Z,LP8,1575890,100000000,1576070,100000000
EUR/CAD,2018-12-06T13:18:37.676Z,LP4,1523140,100000000,1523370,100000000
EUR/CAD,2018-12-06T13:18:37.676Z,LP5,1523080,100000000,1523380,100000000
EUR/CAD,2018-12-06T13:18:37.676Z,LP5,1523090,100000000,1523380,100000000
EUR/CAD,2018-12-06T13:18:37.676Z,LP7,1523090,100000000,1523450,100000000
EUR/CAD,2018-12-06T13:18:37.695Z,LP2,1523190,100000000,1523380,100000000
EUR/CAD,2018-12-06T13:18:37.740Z,LP7,1523100,100000000,1523450,100000000
EUR/CAD,2018-12-06T13:18:37.740Z,LP7,1523100,100000000,1523430,100000000
EUR/CAD,2018-12-06T13:18:37.740Z,LP6,1523130,100000000,1523330,100000000
EUR/CAD,2018-12-06T13:18:37.740Z,LP4,1523140,100000000,1523380,100000000
EUR/CAD,2018-12-06T13:18:37.740Z,LP4,1523150,100000000,1523380,100000000
EUR/CAD,2018-12-06T13:18:37.740Z,LP3,1523130,100000000,1523350,100000000
EUR/CAD,2018-12-06T13:18:37.740Z,LP3,1523140,100000000,1523350,100000000
EUR/CAD,2018-12-06T13:18:37.740Z,LP6,1523140,100000000,1523330,100000000
EUR/CAD,2018-12-06T13:18:37.740Z,LP5,1523090,100000000,1523400,100000000
EUR/CAD,2018-12-06T13:18:37.740Z,LP5,1523100,100000000,1523400,100000000
EUR/CAD,2018-12-06T13:18:37.783Z,LP2,1523160,100000000,1523360,100000000
EUR/CAD,2018-12-06T13:18:37.785Z,LP8,1523140,100000000,1523340,100000000
EUR/CAD,2018-12-06T13:18:37.787Z,LP7,1523090,100000000,1523430,100000000
EUR/CAD,2018-12-06T13:18:37.787Z,LP4,1523130,100000000,1523380,100000000
EUR/CAD,2018-12-06T13:18:37.787Z,LP3,1523130,100000000,1523350,100000000
EUR/CAD,2018-12-06T13:18:37.787Z,LP3,1523130,100000000,1523340,100000000
EUR/CAD,2018-12-06T13:18:37.787Z,LP6,1523120,100000000,1523330,100000000
EUR/CAD,2018-12-06T13:18:37.787Z,LP6,1523120,100000000,1523320,100000000
EUR/CAD,2018-12-06T13:18:37.787Z,LP5,1523090,100000000,1523400,100000000
EUR/CAD,2018-12-06T13:18:37.787Z,LP5,1523090,100000000,1523380,100000000
EUR/CAD,2018-12-06T13:18:37.787Z,LP4,1523130,100000000,1523360,100000000
EUR/CAD,2018-12-06T13:18:37.802Z,LP8,1523140,100000000,1523330,100000000
EUR/CAD,2018-12-06T13:18:37.812Z,LP1,1523170,100000000,1523300,100000000
EUR/CAD,2018-12-06T13:18:37.837Z,LP4,1523130,100000000,1523380,100000000
EUR/CAD,2018-12-06T13:18:37.837Z,LP4,1523140,100000000,1523380,100000000
EUR/CAD,2018-12-06T13:18:37.837Z,LP7,1523100,100000000,1523430,100000000
EUR/CAD,2018-12-06T13:18:37.837Z,LP7,1523100,100000000,1523420,100000000
EUR/CAD,2018-12-06T13:18:37.837Z,LP5,1523090,100000000,1523390,100000000
EUR/CAD,2018-12-06T13:18:37.837Z,LP3,1523130,100000000,1523350,100000000
EUR/CAD,2018-12-06T13:18:37.837Z,LP5,1523100,100000000,1523390,100000000
EUR/CAD,2018-12-06T13:18:37.837Z,LP6,1523130,100000000,1523320,100000000
EUR/CAD,2018-12-06T13:18:37.898Z,LP7,1523110,100000000,1523420,100000000
EUR/CAD,2018-12-06T13:18:37.898Z,LP5,1523100,100000000,1523400,100000000
EUR/CAD,2018-12-06T13:18:37.899Z,LP5,1523110,100000000,1523400,100000000
EUR/CAD,2018-12-06T13:18:37.900Z,LP3,1523140,100000000,1523350,100000000
EUR/CAD,2018-12-06T13:18:37.912Z,LP1,1523160,100000000,1523290,100000000
EUR/CAD,2018-12-06T13:18:37.912Z,LP8,1523130,100000000,1523320,100000000
EUR/CAD,2018-12-06T13:18:37.954Z,LP4,1523140,100000000,1523370,100000000
EUR/CAD,2018-12-06T13:18:37.954Z,LP7,1523090,100000000,1523420,100000000
EUR/CAD,2018-12-06T13:18:37.954Z,LP3,1523130,100000000,1523350,100000000
EUR/CAD,2018-12-06T13:18:37.954Z,LP5,1523090,100000000,1523400,100000000
EUR/CAD,2018-12-06T13:18:37.954Z,LP5,1523090,100000000,1523390,100000000
EUR/CAD,2018-12-06T13:18:37.954Z,LP3,1523130,100000000,1523340,100000000
EUR/CAD,2018-12-06T13:18:37.959Z,LP2,1523160,100000000,1523350,100000000
EUR/CAD,2018-12-06T13:18:37.959Z,LP4,1523130,100000000,1523370,100000000
EUR/CAD,2018-12-06T13:18:37.959Z,LP4,1523130,100000000,1523360,100000000
EUR/CAD,2018-12-06T13:18:37.959Z,LP8,1523140,100000000,1523320,100000000
EUR/CAD,2018-12-06T13:18:37.960Z,LP7,1523080,100000000,1523420,100000000
EUR/CAD,2018-12-06T13:18:37.960Z,LP7,1523080,100000000,1523430,100000000
EUR/CAD,2018-12-06T13:18:37.960Z,LP3,1523120,100000000,1523340,100000000
EUR/CAD,2018-12-06T13:18:37.960Z,LP3,1523120,100000000,1523330,100000000
EUR/CAD,2018-12-06T13:18:37.960Z,LP5,1523080,100000000,1523390,100000000
EUR/CAD,2018-12-06T13:18:37.960Z,LP5,1523080,100000000,1523380,100000000
EUR/CAD,2018-12-06T13:18:37.960Z,LP6,1523120,100000000,1523320,100000000
EUR/CAD,2018-12-06T13:18:37.960Z,LP6,1523120,100000000,1523310,100000000
EUR/CAD,2018-12-06T13:18:37.978Z,LP2,1523180,100000000,1523370,100000000
EUR/CAD,2018-12-06T13:18:37.981Z,LP8,1523140,100000000,1523330,100000000
EUR/CAD,2018-12-06T13:18:38.342Z,LP4,1523130,100000000,1523370,100000000
EUR/CAD,2018-12-06T13:18:38.342Z,LP4,1523140,100000000,1523370,100000000
EUR/CAD,2018-12-06T13:18:38.342Z,LP7,1523090,100000000,1523430,100000000
EUR/CAD,2018-12-06T13:18:38.342Z,LP3,1523120,100000000,1523340,100000000
EUR/CAD,2018-12-06T13:18:38.342Z,LP5,1523080,100000000,1523390,100000000
EUR/CAD,2018-12-06T13:18:38.342Z,LP5,1523090,100000000,1523390,100000000
EUR/CAD,2018-12-06T13:18:38.342Z,LP3,1523130,100000000,1523340,100000000